"pro","class"
0.288373107333083,"No"
0.48276610628091,"No"
0.228433515995418,"No"
0.282830822667653,"No"
0.266714548060733,"No"
0.277501200485254,"No"
0.338385242742166,"No"
0.966886858700935,"No"
0.265275401669406,"No"
0.822592012807361,"No"
0.273055119808081,"No"
0.555728459934627,"No"
0.301394050838103,"No"
0.305448414198918,"No"
0.254343557298614,"No"
0.275953328102875,"No"
0.187664564639461,"No"
0.225006836998518,"No"
0.304702454272217,"No"
0.208585739067412,"No"
0.620871547374882,"No"
0.256763404722819,"No"
0.369799250375619,"No"
0.187748625572548,"No"
0.363243808144847,"No"
0.379799941232801,"No"
0.304613881011176,"No"
0.0932733468772858,"No"
0.110271122425626,"No"
0.352220902101703,"No"
0.486262048399804,"No"
0.288136785804264,"No"
0.254343557298614,"No"
0.259937363626776,"No"
0.250181390205676,"No"
0.278581393562512,"No"
0.0922680613703528,"No"
0.255216499864941,"No"
0.271522175759177,"No"
0.254343557298614,"No"
0.305758586222169,"No"
0.19467979777414,"No"
0.266563079528471,"No"
0.21967931401187,"No"
0.219093289573835,"No"
0.29269942438059,"No"
0.254343557298614,"No"
0.31760116254624,"No"
0.254343557298614,"No"
0.504823024013434,"No"
0.102568899302067,"No"
0.781656344928224,"No"
0.468043287764915,"No"
0.357108769985564,"No"
0.173092821690081,"No"
0.0171108350603722,"No"
0.384133573869564,"No"
0.83796171097595,"No"
0.483489830241476,"No"
0.903634339354942,"No"
0.32263142261352,"No"
0.481019992092297,"No"
0.287289007556416,"No"
0.284626986732694,"No"
0.232102649297369,"No"
0.604405357947058,"No"
0.216921643295298,"No"
0.494414202990278,"No"
0.348419755921918,"No"
0.254343557298614,"No"
0.352891221172338,"No"
0.464801936034978,"No"
0.312146843312032,"No"
0.393185566834241,"No"
0.188212087133007,"No"
0.191742039721276,"No"
0.246617814571373,"No"
0.248823752021032,"No"
0.393866041853236,"No"
0.210511325664415,"No"
0.254343557298614,"No"
0.373754321257879,"No"
0.338124062797438,"No"
0.198269630338455,"No"
0.423952843325339,"No"
0.249948678044072,"No"
0.254343557298614,"No"
0.304799800626977,"No"
0.486677259877151,"No"
0.595673753048752,"No"
0.998151145093685,"No"
0.255117778780898,"No"
0.43529607510895,"No"
0.294233288625619,"No"
0.254343557298614,"No"
0.28928680164713,"No"
0.967316225984414,"No"
0.245159884665133,"No"
0.337515361937537,"No"
0.0589903955856879,"No"
0.220830509696136,"No"
0.259877269799435,"No"
0.280502367129836,"No"
0.0927560516908785,"No"
0.993056584321201,"No"
0.330518605319196,"No"
0.245332880235257,"No"
0.265123387044291,"No"
0.556847769204333,"No"
0.755365227635631,"No"
0.27656809037862,"No"
0.395385724141223,"No"
0.999696191006868,"No"
0.146993183576285,"No"
0.212122289335388,"No"
0.272399834134741,"No"
0.345613240611662,"No"
0.169992108117427,"No"
0.192969801836963,"No"
0.254343557298614,"No"
0.193340436821624,"No"
0.251586783631694,"No"
0.268757757443559,"No"
0.205978633411581,"No"
0.764094565317192,"No"
0.254343557298614,"No"
0.258672656395984,"No"
0.27211672280988,"No"
0.119183337027412,"No"
0.0328788134753184,"No"
0.680165836615404,"No"
0.287148530125866,"No"
0.261457008721332,"No"
0.240958121291194,"No"
0.0380979028069806,"No"
0.303925435509698,"No"
0.592392323742339,"No"
0.426526734566437,"No"
0.394461900497654,"No"
0.307873006757994,"No"
0.250181390205676,"No"
0.478476292699397,"No"
0.265275401669406,"No"
0.132317380245204,"No"
0.254343557298614,"No"
0.29575723787928,"No"
0.118679302426278,"No"
0.280566087369662,"No"
0.312424417201246,"No"
0.250181390205676,"No"
0.467207690484019,"No"
0.120112155331183,"No"
0.451291862709476,"No"
0.285312716759615,"No"
0.240239921827047,"No"
0.235990447305573,"No"
0.289025468163881,"No"
0.354511226561976,"No"
0.407589006413638,"No"
0.537581776564665,"No"
0.273755574942709,"No"
0.417875064413818,"No"
0.165142089827582,"No"
0.276212096798634,"No"
0.103876044951475,"No"
0.218186862027986,"No"
0.301679524984793,"No"
0.282830822667653,"No"
0.266109244636639,"No"
0.375176907039939,"No"
0.255280613946753,"No"
0.305065435860611,"No"
0.470197614827471,"No"
0.144841952454923,"No"
0.254343557298614,"No"
0.314109641551909,"No"
0.252058297339181,"No"
0.350588884709153,"No"
0.26125214947944,"No"
0.653759391796334,"No"
0.254343557298614,"No"
0.32362826513404,"No"
0.274066297616677,"No"
0.266977640667387,"No"
0.254343557298614,"No"
0.254343557298614,"No"
0.379089792548139,"No"
0.229788778526844,"No"
0.331504785366705,"No"
0.272157900949084,"No"
0.516224895100999,"No"
0.912964122852877,"No"
0.216732832341247,"No"
0.462557477991746,"No"
0.102495836701395,"No"
0.243192408842699,"No"
0.208119276162899,"No"
0.283897518368953,"No"
0.453096230184658,"No"
0.187086936676443,"No"
0.352930567118236,"No"
0.263233685721606,"No"
0.373075715470967,"No"
0.587554972388229,"No"
0.185181804593537,"No"
0.227665860687928,"No"
0.250181390205676,"No"
0.333343074828953,"No"
0.296884913865715,"No"
0.0582846372053309,"No"
0.280501941070597,"No"
0.249354599841911,"No"
0.254343557298614,"No"
0.254239034210268,"No"
0.80489724538423,"No"
0.468169658056114,"No"
0.277224495562491,"No"
0.428561519251724,"No"
0.531123120898993,"No"
0.0886935928677455,"No"
0.0553987570036123,"No"
0.287332373733623,"No"
0.610052199377643,"No"
0.322839275516797,"No"
0.488466309896449,"No"
0.254301135936808,"No"
0.584949399910662,"No"
0.808005297209137,"No"
0.507642401244188,"No"
0.290273654389284,"No"
0.371327310396741,"No"
0.254343557298614,"No"
0.256763404722819,"No"
0.23782461287497,"No"
0.282174693318827,"No"
0.0364744275081184,"No"
0.254343557298614,"No"
0.851696883739279,"No"
0.491546311585918,"No"
0.254343557298614,"No"
0.525482843400771,"No"
0.42173993569889,"No"
0.325462171450731,"No"
0.224489816635237,"No"
0.166181591129142,"No"
0.976274249398885,"No"
0.254343557298614,"No"
0.277294773652783,"No"
0.247350849072334,"No"
0.280385852580389,"No"
0.97928180699682,"No"
0.42935059198829,"No"
0.266713754708225,"No"
0.279070632215151,"No"
0.251333628801222,"No"
0.36638559298164,"No"
0.446061350107011,"No"
0.0454674393090322,"No"
0.26584701723372,"No"
0.0919665376467321,"No"
0.336286308945122,"No"
0.497422706345324,"No"
0.217502006007961,"No"
0.234269849412359,"No"
0.56107313784062,"No"
0.251097018930336,"No"
0.246981516475407,"No"
0.21612095467623,"No"
0.454040068105404,"No"
0.436999497761893,"No"
0.463657775771073,"No"
0.284705810279201,"No"
0.254343557298614,"No"
0.410090592565698,"No"
0.453234710542054,"No"
0.246064857751949,"No"
0.0858195100975923,"No"
0.478098156434851,"No"
0.325509049970583,"No"
0.271994594274873,"No"
0.0644735954919668,"No"
0.379913926801122,"No"
0.296793699352963,"No"
0.176154398226644,"No"
0.0901471868603796,"No"
0.250181390205676,"No"
0.485062997670451,"No"
0.280921514307806,"No"
0.0929709518788276,"No"
0.321964970994756,"No"
0.408011130058202,"No"
0.254343557298614,"No"
0.254343557298614,"No"
0.198051499908557,"No"
0.0666134425112972,"No"
0.231774124940481,"No"
0.254343557298614,"No"
0.588940899574214,"No"
0.292260504210836,"No"
0.355970723796789,"No"
0.251863713954952,"No"
0.0755224704998148,"No"
0.558370736212259,"No"
0.136304194461925,"No"
0.217253698037682,"No"
0.282830822667653,"No"
0.360640376059721,"No"
0.250181390205676,"No"
0.274266214867819,"No"
0.431959098964984,"No"
0.885166513296354,"No"
0.155967212119745,"No"
0.951701120247272,"No"
0.316394463676454,"No"
0.271249609248176,"No"
0.211952027060496,"No"
0.36546070132949,"No"
0.220744511551961,"No"
0.357622193066261,"No"
0.58390571207533,"No"
0.250584238585427,"No"
0.636889513442779,"No"
0.259247789585565,"No"
0.525940686416238,"No"
0.460969070452323,"No"
0.436701977363364,"No"
0.699747247680828,"No"
0.817070103067964,"No"
0.305017886215733,"No"
0.248924414064024,"No"
0.24326670089159,"No"
0.300862700546816,"No"
0.288831319718521,"No"
0.0555039377287119,"No"
0.114003557729239,"No"
0.231566625481573,"No"
0.254343557298614,"No"
0.254343557298614,"No"
0.260218621183085,"No"
0.415672607176579,"No"
0.607365694564996,"No"
0.998742317319085,"No"
0.343378072087883,"No"
0.254343557298614,"No"
0.991370824683666,"No"
0.327949980898648,"No"
0.254925365790557,"No"
0.267649873612029,"No"
0.246064857751949,"No"
0.318998924539481,"No"
0.664380984888046,"No"
0.246981516475407,"No"
0.254343557298614,"No"
0.306912784751018,"No"
0.259324598660824,"No"
0.0495603389977841,"No"
0.269953165305315,"No"
0.250181390205676,"No"
0.175100831862141,"No"
0.30427213935327,"No"
0.993976693435159,"No"
0.283418598933055,"No"
0.250181390205676,"No"
0.287854986958289,"No"
0.204669611672299,"No"
0.443713360220978,"No"
0.567534004013682,"No"
0.262966728931403,"No"
0.439303074319304,"No"
0.141678447765361,"No"
0.223598898016783,"No"
0.263257046789094,"No"
0.250181390205676,"No"
0.257206499779967,"No"
0.116775215038282,"No"
0.652727622840494,"No"
0.460380547706367,"No"
0.360763785764764,"No"
0.280502133656777,"No"
0.2822720451933,"No"
0.271413002442888,"No"
0.502260549414992,"No"
0.410568524941805,"No"
0.218313824340218,"No"
0.287276793290559,"No"
0.895917299217105,"No"
0.401971683421083,"No"
0.407830774326161,"No"
0.254343557298614,"No"
0.349581491050829,"No"
0.278376517690074,"No"
0.289547437495004,"No"
0.0981350924619583,"No"
0.242900579178213,"No"
0.291686569380091,"No"
0.197746248662363,"No"
0.273114191906956,"No"
0.274429565974904,"No"
0.382575044109867,"No"
0.322041434222456,"No"
0.257209768951007,"No"
0.254343557298614,"No"
0.388387799997016,"No"
0.254343557298614,"No"
0.50864231225452,"No"
0.281990899680374,"No"
0.614572121232114,"No"
0.324405349745943,"No"
0.330388434063927,"No"
0.660373506633645,"No"
0.718861196489576,"No"
0.286461467008117,"No"
0.0600754055087048,"No"
0.0126637931528407,"No"
0.472455284987605,"No"
0.367454511404532,"No"
0.259664734540224,"No"
0.254343557298614,"No"
0.441305109885426,"No"
0.300381993861763,"No"
0.266050511375087,"No"
0.227774950724483,"No"
0.107093548620905,"No"
0.254343557298614,"No"
0.217744681638896,"No"
0.229230170277072,"No"
0.501828928348954,"No"
0.278279943641457,"No"
0.250181390205676,"No"
0.254588029031856,"No"
0.406086178826419,"No"
0.207226416139207,"No"
0.105276539691124,"No"
0.360764472140489,"No"
0.326268397291731,"No"
0.363981782814644,"No"
0.325357813089581,"No"
0.238966628025862,"No"
0.0455928507017814,"No"
0.832737976223522,"No"
0.286659369873497,"No"
0.379835218888185,"No"
0.254343557298614,"No"
0.273255170341917,"No"
0.250181390205676,"No"
0.288090656653751,"No"
0.53696234425831,"No"
0.231087565910519,"No"
0.247042778060278,"No"
0.882183390671879,"No"
0.281633793351175,"No"
0.457010396196079,"No"
0.265973966069423,"No"
0.112425414599189,"No"
0.372417098420255,"No"
0.254583188087174,"No"
0.769838278930454,"No"
0.353855048892328,"No"
0.251809365845233,"No"
0.254343557298614,"No"
0.263732183043053,"No"
0.329235544489257,"No"
0.599757787447578,"No"
0.256603436979245,"No"
0.250022882803028,"No"
0.146053712446599,"No"
0.355046110589759,"No"
0.325615891372209,"No"
0.352754593516731,"No"
0.227790682601882,"No"
0.254343557298614,"No"
0.287258421047185,"No"
0.496715765299321,"No"
0.285455066925275,"No"
0.315717627465431,"No"
0.595667626986327,"No"
0.321264746839156,"No"
0.279735528935345,"No"
0.254343557298614,"No"
0.746817813068839,"No"
0.865483705436205,"No"
0.254858208406741,"No"
0.254343557298614,"No"
0.292711948987594,"No"
0.963673353650097,"No"
0.558730118700817,"No"
0.549355641412349,"No"
0.250181390205676,"No"
0.262608907144107,"No"
0.282830822667653,"No"
0.253272968466802,"No"
0.5506556266171,"No"
0.288553535530916,"No"
0.679743337348439,"No"
0.360577580157343,"No"
0.414822377938673,"No"
0.248432182977355,"No"
0.250181390205676,"No"
0.321574653509021,"No"
0.16654132828908,"No"
0.453858419302718,"No"
0.648296106827286,"No"
0.322738624233686,"No"
0.250181390205676,"No"
0.457893539327472,"No"
0.184894168517074,"No"
0.592932032505053,"No"
0.62319730274042,"No"
0.254343557298614,"No"
0.198109064558313,"No"
0.0711300405337523,"No"
0.264679034253608,"No"
0.28941202018157,"No"
0.926850903171161,"No"
0.328214364491243,"No"
0.0774850200628357,"No"
0.318218321652546,"No"
0.251793529093614,"No"
0.272934842772252,"No"
0.254343557298614,"No"
0.359986286831985,"No"
0.238399337577931,"No"
0.989477180737836,"No"
0.744146872175986,"No"
0.254343557298614,"No"
0.00559385391671448,"No"
0.10791173813542,"No"
0.494365833087197,"No"
0.291249849894827,"No"
0.463359807257393,"No"
0.159551879969265,"No"
0.00709402708412095,"No"
0.275648940104568,"No"
0.215678195847081,"No"
0.297599164952871,"No"
0.29345861281102,"No"
0.286712452811231,"No"
0.276002473722576,"No"
0.135710688205682,"No"
0.303784823957956,"No"
0.650193382972696,"No"
0.272891249137118,"No"
0.254343557298614,"No"
0.613897225721435,"No"
0.152729190695677,"No"
0.323338510204388,"No"
0.254343557298614,"No"
0.829414646283637,"No"
0.180833976048814,"No"
0.142888252751108,"No"
0.0493900411618432,"No"
0.340684754144961,"No"
0.252957940158564,"No"
0.627729225736783,"No"
0.511445016375854,"No"
0.984113330807998,"No"
0.250181390205676,"No"
0.281603340174499,"No"
0.305600205077591,"No"
0.263685839469663,"No"
0.293016444980846,"No"
0.971232725577573,"No"
0.275576405360781,"No"
0.527319914771801,"No"
0.269331993048159,"No"
0.140552388753642,"No"
0.265570436934582,"No"
0.241741418866297,"No"
0.298622232300023,"No"
0.280502367129836,"No"
0.0869992081965654,"No"
0.660489019992826,"No"
0.337152477058666,"No"
0.737155918391899,"No"
0.264993240453709,"No"
0.253301504501516,"No"
0.357020610333918,"No"
0.305523357210437,"No"
0.254343557298614,"No"
0.269448342304523,"No"
0.514056964110274,"No"
0.226167405224445,"No"
0.195100252751635,"No"
0.659941822440669,"No"
0.0708394179210305,"No"
0.256093629372753,"No"
0.405460477948453,"No"
0.00520903222850445,"No"
0.283363081438352,"No"
0.380422923107461,"No"
0.268292153157285,"No"
0.158396096526357,"No"
0.421053943933326,"No"
0.308093681683722,"No"
0.494093581256005,"No"
0.748069833628278,"No"
0.482108561738372,"No"
0.491889108556298,"No"
0.832032082298705,"No"
0.254343557298614,"No"
0.250181390205676,"No"
0.291114865711283,"No"
0.205716907285211,"No"
0.254343557298614,"No"
0.398495013267767,"No"
0.938355848481908,"No"
0.179010364623762,"No"
0.236278895747128,"No"
0.269387544628653,"No"
0.254343557298614,"No"
0.225944737733414,"No"
0.529374729367426,"No"
0.333115491839189,"No"
0.277746652506564,"No"
0.254343557298614,"No"
0.312250017003386,"No"
0.307896135354926,"No"
0.257049999598895,"No"
0.231101021007085,"No"
0.250223333030804,"No"
0.389758255241935,"No"
0.403455638798404,"No"
0.27055921223018,"No"
0.254343557298614,"No"
0.254343557298614,"No"
0.254343557298614,"No"
0.250421904018528,"No"
0.322482912459586,"No"
0.246064857751949,"No"
0.439851868139607,"No"
0.423097705562159,"No"
0.0907147477741495,"No"
0.356439152313585,"No"
0.588937099596267,"No"
0.881364082751315,"No"
0.520919952050522,"No"
0.244303105578855,"No"
0.304805837671737,"No"
0.360812942566838,"No"
0.277277992508465,"No"
0.570772612509437,"No"
0.34817349149522,"No"
0.320813844857355,"No"
0.319095826620462,"No"
0.204301598118806,"No"
0.250181390205676,"No"
0.374875332210961,"No"
0.343270482976145,"No"
0.732243695993245,"No"
0.254694210730348,"No"
0.394318760079551,"No"
0.800301975340164,"No"
0.265269794468321,"No"
0.0842191838326151,"No"
0.124985418165766,"No"
0.564812294376638,"No"
0.322825946982481,"No"
0.290633321070989,"No"
0.305897822053726,"No"
0.282830822667653,"No"
0.254343557298614,"No"
0.368675752382322,"No"
0.254343557298614,"No"
0.315918519549096,"No"
0.248755603457111,"No"
0.483266940201771,"No"
0.742351937115494,"No"
0.232303976880281,"No"
0.213226347833772,"No"
0.242055259892965,"No"
0.271878523281771,"No"
0.20360881717356,"No"
0.265305125907247,"No"
0.126068377240948,"No"
0.34787728738302,"No"
0.45449622835098,"No"
0.273392148398293,"No"
0.315110512669926,"No"
0.289977121861532,"No"
0.260996958558183,"No"
0.2915544336826,"No"
0.915622823017156,"No"
0.300218622898263,"No"
0.307563617215942,"No"
0.25848030249707,"No"
0.414157535313082,"No"
0.812733398796258,"No"
0.241796456519118,"No"
0.413308641429254,"No"
0.375871358662075,"No"
0.282603559428103,"No"
0.288485444812184,"No"
0.254343557298614,"No"
0.52741009874393,"No"
0.294801137786104,"No"
0.278622626842537,"No"
0.310960151391338,"No"
0.285266563576896,"No"
0.386969479682432,"No"
0.250181390205676,"No"
0.253453370053825,"No"
0.260528569374885,"No"
0.277346912890027,"No"
0.277648270495851,"No"
0.289312404940317,"No"
0.280397132013138,"No"
0.294671727333487,"No"
0.254343557298614,"No"
0.151228162722954,"No"
0.284730569910856,"No"
0.0305235017553922,"No"
0.210274371801333,"No"
0.279578222109248,"No"
0.997490148251991,"No"
0.281513290841666,"No"
0.772548609920961,"No"
0.244341353944929,"No"
0.268880371318659,"No"
0.301154715214705,"No"
0.350699817495218,"No"
0.254343557298614,"No"
0.431096264295415,"No"
0.287538203160461,"No"
0.0460486852581734,"No"
0.0795131569860741,"No"
0.317017519661032,"No"
0.213830547652259,"No"
0.927415441325625,"No"
0.360102107858905,"No"
0.250181390205676,"No"
0.912627420334553,"No"
0.257615901728772,"No"
0.254343557298614,"No"
0.249913948789143,"No"
0.294982335141132,"No"
0.270225961999954,"No"
0.35547753528295,"No"
0.211652565138116,"No"
0.237397683901965,"No"
0.421848668681768,"No"
0.250181390205676,"No"
0.346577554071224,"No"
0.317934440380642,"No"
0.250181390205676,"No"
0.244755905399554,"No"
0.286957779900933,"No"
0.269763556597077,"No"
0.362373241097965,"No"
0.166182186323655,"No"
0.31050334750118,"No"
0.254343557298614,"No"
0.321386204304358,"No"
0.230934748466648,"No"
0.233911006334686,"No"
0.374349540006472,"No"
0.276499719807527,"No"
0.276860945360104,"No"
0.338401793793456,"No"
0.298332728209703,"No"
0.945824349309092,"No"
0.264672778162007,"No"
0.254343557298614,"No"
0.209195324068487,"No"
0.524102124459816,"No"
0.265455303406079,"No"
0.515815795702097,"No"
0.0948536484732796,"No"
0.370419488242892,"No"
0.274412189608245,"No"
0.0644785183524123,"No"
0.254343557298614,"No"
0.486312219654481,"No"
0.225060146262427,"No"
0.946342032927598,"No"
0.996242040490417,"No"
0.680134253208594,"No"
0.431435120022587,"No"
0.242409224845467,"No"
0.585518908554431,"No"
0.142261796518389,"No"
0.262922566991471,"No"
0.0779982079814371,"No"
0.250181390205676,"No"
0.379706285893137,"No"
0.24861631732475,"No"
0.260718934869918,"No"
0.366219866550629,"No"
0.950187038219264,"No"
0.867915460213168,"No"
0.180433924720961,"No"
0.363857814182393,"No"
0.775807470648635,"No"
0.266303521504943,"No"
0.249701333285255,"No"
0.410759517140419,"No"
0.194007263271888,"No"
0.254343557298614,"No"
0.182694446139083,"No"
0.535957573853931,"No"
0.489536201968678,"No"
0.0188618214780261,"No"
0.254343557298614,"No"
0.250181390205676,"No"
0.254343557298614,"No"
0.123415043215365,"No"
0.317934440380642,"No"
0.141128775562181,"No"
0.321532373867303,"No"
0.0069243521513787,"No"
0.260145055388127,"No"
0.250181390205676,"No"
0.585558726169151,"No"
0.0972226357344019,"No"
0.30249041100253,"No"
0.196069422158118,"No"
0.254343557298614,"No"
0.283648356969509,"No"
0.331008006841149,"No"
0.358579327910587,"No"
0.265275401669406,"No"
0.313090134727806,"No"
0.254343557298614,"No"
0.176641980185702,"No"
0.203944544434332,"No"
0.242656422689727,"No"
0.349232537187081,"No"
0.254343557298614,"No"
0.268190363273693,"No"
0.786303994603091,"No"
0.254343557298614,"No"
0.305448469679402,"No"
0.261904629706498,"No"
0.697315731641067,"No"
0.240698017285785,"No"
0.509489287908612,"No"
0.390349008707572,"No"
0.281863727469661,"No"
0.0131479269756836,"No"
0.159254438302107,"No"
0.278267360146515,"No"
0.897357771070698,"No"
0.3337922122476,"No"
0.189132230948044,"No"
0.254688889652605,"No"
0.291420776977933,"No"
0.911154484655273,"No"
0.137032724757692,"No"
0.618947270740397,"No"
0.246064857751949,"No"
0.362945932226596,"No"
0.140756673086376,"No"
0.283478528331405,"No"
0.335104843770083,"No"
0.0554349351653031,"No"
0.0951267462819343,"No"
0.326749709605468,"No"
0.287038634158743,"No"
0.0578628188643037,"No"
0.252010843658744,"No"
0.304433339037242,"No"
0.0365996902153283,"No"
0.293505109145968,"No"
0.0288376611611641,"No"
0.32214056386254,"No"
0.277441576023704,"No"
0.205500359819509,"No"
0.28990974749824,"No"
0.298921226257418,"No"
0.198315505495374,"No"
0.365439870662956,"No"
0.200941731438111,"No"
0.254343557298614,"No"
0.815983791306572,"No"
0.208523808125933,"No"
0.59046335128378,"No"
0.418839288214315,"No"
0.492827773729273,"No"
0.251760336499577,"No"
0.378689506997285,"No"
0.190249345113876,"No"
0.893166642796522,"No"
0.214533867463311,"No"
0.283712717770199,"No"
0.332396587258411,"No"
0.311078700349705,"No"
0.317934440380642,"No"
0.456364606216827,"No"
0.0787622979278285,"No"
0.0983550807446419,"No"
0.436628514504353,"No"
0.156964609827723,"No"
0.281900553402515,"No"
0.28539623396785,"No"
0.254343557298614,"No"
0.284745325666375,"No"
0.29592297635569,"No"
0.340148393458964,"No"
0.82862541300456,"No"
0.882183390671879,"No"
0.28317939270642,"No"
0.585946428883269,"No"
0.242698552049808,"No"
0.442105047305637,"No"
0.345542273061238,"No"
0.834917088521502,"No"
0.345890992087909,"No"
0.310885741612083,"No"
0.616746483856137,"No"
0.280695611721747,"No"
0.810319611558196,"No"
0.154386091454998,"No"
0.254343557298614,"No"
0.44182242129365,"No"
0.442772908375973,"No"
0.315950425034326,"No"
0.33380044188668,"No"
0.195485466390992,"No"
0.291867628234554,"No"
0.317244881397412,"No"
0.241565902950813,"No"
0.825797378228044,"No"
0.332087998335406,"No"
0.446199255308661,"No"
0.250181390205676,"No"
0.94340669195285,"No"
0.426550802582985,"No"
0.0674474796988452,"No"
0.581438893253105,"No"
0.405766521186619,"No"
0.271268851576345,"No"
0.275685511620663,"No"
0.643204730827935,"No"
0.279138156958018,"No"
0.348581090155838,"No"
0.162888684080744,"No"
0.596475753688095,"No"
0.290024696298257,"No"
0.238203387356669,"No"
0.322955351240631,"No"
0.479043636314107,"No"
0.276262937689533,"No"
0.123055923702863,"No"
0.237912686224115,"No"
0.254343557298614,"No"
0.0570279045347689,"No"
0.254343557298614,"No"
0.281526211832037,"No"
0.345368026190617,"No"
0.404203013089613,"No"
0.377054613248444,"No"
0.291084029662501,"No"
0.983816368753494,"No"
0.265275401669406,"No"
0.441453261109898,"No"
0.298880524803663,"No"
0.0966763500952099,"No"
0.46287757543585,"No"
0.38146011054011,"No"
0.134974186957232,"No"
0.354302061579932,"No"
0.105942746532147,"No"
0.270548421671531,"No"
0.198628799744484,"No"
0.449987534283576,"No"
0.25676978294981,"No"
0.276399989852065,"No"
0.227548305704569,"No"
0.296106644781924,"No"
0.308698478293017,"No"
0.298875115851631,"No"
0.214716550787718,"No"
0.835849468314341,"No"
0.245116180693782,"No"
0.793933894176611,"No"
0.254343557298614,"No"
0.999500972465908,"No"
0.254343557298614,"No"
0.401563966665771,"No"
0.208248623319317,"No"
0.240909037791632,"No"
0.270981022862145,"No"
0.232610729232297,"No"
0.34591078501143,"No"
0.265275401669406,"No"
0.254343557298614,"No"
0.401473984739306,"No"
0.298874645040338,"No"
0.28784251149118,"No"
0.254343557298614,"No"
0.267173447506704,"No"
0.507866730754924,"No"
0.493328850047746,"No"
0.468438742619643,"No"
0.326047031064084,"No"
0.254343557298614,"No"
0.346741282383481,"No"
0.141961382953919,"No"
0.894608174453553,"No"
0.332459432124436,"No"
0.240283890974948,"No"
0.512895614256328,"Yes"
0.608238222705835,"Yes"
0.635443294317772,"Yes"
0.78996386648115,"Yes"
0.411542343982809,"Yes"
0.348078590998679,"Yes"
0.927375103755661,"Yes"
0.319680315769591,"Yes"
0.17230581303286,"Yes"
0.778771852461116,"Yes"
0.29999401121116,"Yes"
0.653315336434173,"Yes"
0.309979135286281,"Yes"
0.988756975096979,"Yes"
0.330489113712605,"Yes"
0.831811108866811,"Yes"
0.728394630446777,"Yes"
0.611739529625672,"Yes"
0.308196372224713,"Yes"
0.991853471109708,"Yes"
0.429998968165012,"Yes"
0.527972189894986,"Yes"
0.629595558611088,"Yes"
0.80071462524003,"Yes"
0.984717037254677,"Yes"
0.367564314936344,"Yes"
0.997233011975923,"Yes"
0.856114659933911,"Yes"
0.213070283948537,"Yes"
0.322663040858755,"Yes"
0.365719451997955,"Yes"
0.957649469528852,"Yes"
0.4488744109287,"Yes"
0.608839027344037,"Yes"
0.835575143164502,"Yes"
0.986251729032085,"Yes"
0.979811656308526,"Yes"
0.663591823602121,"Yes"
0.896396834788951,"Yes"
0.99475741849257,"Yes"
0.163980933769167,"Yes"
0.129864521103165,"Yes"
0.972505611664443,"Yes"
0.958008438994861,"Yes"
0.736396068276251,"Yes"
0.409057066632062,"Yes"
0.98761157267737,"Yes"
0.310562852876532,"Yes"
0.387206150314814,"Yes"
0.943751310523854,"Yes"
0.554344997867095,"Yes"
0.723545392193893,"Yes"
0.774074685217743,"Yes"
0.138184641701334,"Yes"
0.886931237403125,"Yes"
0.127608137595202,"Yes"
0.940996640200937,"Yes"
0.36321392420611,"Yes"
0.902597210234459,"Yes"
0.408042324867992,"Yes"
0.802698867022539,"Yes"
0.977373946961805,"Yes"
0.52746107518617,"Yes"
0.269064352741593,"Yes"
0.929895234151429,"Yes"
0.240700833500218,"Yes"
0.969626744832785,"Yes"
0.935945911579556,"Yes"
0.998563945978356,"Yes"
0.936568763962149,"Yes"
0.369878748656418,"Yes"
0.831537435615547,"Yes"
0.650467951329225,"Yes"
0.982740721824574,"Yes"
0.598239851684698,"Yes"
0.98592083572737,"Yes"
0.76854130292393,"Yes"
0.449680406012268,"Yes"
0.605781248667741,"Yes"
0.587409001284273,"Yes"
0.808733879840532,"Yes"
0.347826659271216,"Yes"
0.979040771716703,"Yes"
0.622826035612009,"Yes"
0.61777178070565,"Yes"
0.98182673094998,"Yes"
0.351063226224647,"Yes"
0.778784102085801,"Yes"
0.671793742934791,"Yes"
0.399627608526889,"Yes"
0.514737929794669,"Yes"
0.679598048845474,"Yes"
0.931337668347216,"Yes"
0.940465137032304,"Yes"
0.990379938769952,"Yes"
0.482999617028174,"Yes"
0.490868508780473,"Yes"
0.503857594929476,"Yes"
0.582737333751592,"Yes"
0.495612178788477,"Yes"
0.486437282303291,"Yes"
0.351657898266077,"Yes"
0.531527007416421,"Yes"
0.561588333638858,"Yes"
0.421069427876324,"Yes"
0.982435765809097,"Yes"
0.578398901709488,"Yes"
0.232881071672858,"Yes"
0.648752540803214,"Yes"
0.880649201132512,"Yes"
0.611487174731095,"Yes"
0.980291199239953,"Yes"
0.754433609864798,"Yes"
0.56330978457924,"Yes"
0.658544418714911,"Yes"
0.690323434666276,"Yes"
0.871912790302202,"Yes"
0.972744145010833,"Yes"
0.995230991041687,"Yes"
0.64387326976361,"Yes"
0.980211682350415,"Yes"
0.620748233502931,"Yes"
0.879000805153153,"Yes"
0.672739648070949,"Yes"
0.807956320657418,"Yes"
0.826782154069565,"Yes"
0.497055759715298,"Yes"
0.642230393048497,"Yes"
0.677133014101805,"Yes"
0.984432578768725,"Yes"
0.85453777070967,"Yes"
0.874686275490903,"Yes"
0.989261655526807,"Yes"
0.290235920030678,"Yes"
0.00264269010072966,"Yes"
0.94312969209668,"Yes"
0.75043079564978,"Yes"
0.308985043503912,"Yes"
0.695577219349456,"Yes"
0.53493277958114,"Yes"
0.754615460086009,"Yes"
0.989950568484892,"Yes"
0.689826828121094,"Yes"
0.992270780013689,"Yes"
0.49665587565295,"Yes"
0.293053860272915,"Yes"
0.953363101981263,"Yes"
0.751938874037585,"Yes"
0.299123092721088,"Yes"
0.969054906687849,"Yes"
0.510830274875674,"Yes"
0.991686915798406,"Yes"
0.418027634472987,"Yes"
0.52232770209055,"Yes"
0.776206496363625,"Yes"
0.911998156090762,"Yes"
0.964804683054223,"Yes"
0.9284195267898,"Yes"
0.90303791109364,"Yes"
0.983599714160854,"Yes"
0.998100551415239,"Yes"
0.987590810931053,"Yes"
0.968745389155168,"Yes"
0.471047351149262,"Yes"
0.291187522326151,"Yes"
0.290757070016295,"Yes"
0.772620647523128,"Yes"
0.982589547300396,"Yes"
0.970391115628948,"Yes"
0.818527832961594,"Yes"
0.630671909219093,"Yes"
0.518062940372334,"Yes"
0.0106882500089128,"Yes"
0.931573912912887,"Yes"
0.988116198537009,"Yes"
0.573648553442236,"Yes"
0.404157192645674,"Yes"
0.70628423446406,"Yes"
0.739177615037412,"Yes"
0.691296307973122,"Yes"
0.934117913476958,"Yes"
0.284404157976818,"Yes"
0.76468008437877,"Yes"
0.996019249537242,"Yes"
0.930196245511643,"Yes"
0.988287247704041,"Yes"
0.285264396832878,"Yes"
0.746066628438066,"Yes"
0.402812575380653,"Yes"
0.42952243172251,"Yes"
0.992018696844295,"Yes"
0.486160263983085,"Yes"
0.363753501810224,"Yes"
0.793955110087987,"Yes"
0.562516149158213,"Yes"
0.114622737631951,"Yes"
0.999098478173328,"Yes"
0.745733106731919,"Yes"
0.675020776747128,"Yes"
0.717954697687531,"Yes"
0.299594058179083,"Yes"
0.696949553357066,"Yes"
0.769155730359764,"Yes"
0.977798831331972,"Yes"
0.937136954532381,"Yes"
0.268365134200849,"Yes"
0.466949689303001,"Yes"
0.963471377545786,"Yes"
0.977742604454351,"Yes"
0.945992593763571,"Yes"
0.507100671247895,"Yes"
0.68202821693616,"Yes"
0.995191736243796,"Yes"
0.595871630505732,"Yes"
0.988020917790547,"Yes"
0.322738624233686,"Yes"
0.825979489842034,"Yes"
0.91157430966135,"Yes"
0.954275402908333,"Yes"
0.35876446532589,"Yes"
0.84660733171219,"Yes"
0.70465963358547,"Yes"
0.516526225960574,"Yes"
0.992752508508864,"Yes"
0.902322080357086,"Yes"
0.283832725858686,"Yes"
0.789017553270621,"Yes"
0.635021093519167,"Yes"
0.730413423172558,"Yes"
0.759699746603296,"Yes"
0.468738650811449,"Yes"
0.990376194660737,"Yes"
0.856448191429185,"Yes"
0.848330280052352,"Yes"
0.493177916567268,"Yes"
0.852389177348404,"Yes"
0.908812271959211,"Yes"
0.896799208361302,"Yes"
0.6792029628882,"Yes"
0.380224984416316,"Yes"
0.910498786383771,"Yes"
0.739117197184984,"Yes"
0.798843642321314,"Yes"
0.819113767279649,"Yes"
0.896761464314398,"Yes"
0.525545609812631,"Yes"
0.430035194435139,"Yes"
0.474566079053712,"Yes"
0.700877710475287,"Yes"
0.98279191760885,"Yes"
0.294104343304026,"Yes"
0.61774524711195,"Yes"
0.674343613831148,"Yes"
0.917723599720292,"Yes"
0.874020886905964,"Yes"
0.94813377384565,"Yes"
0.800492799040878,"Yes"
0.790814600594797,"Yes"
0.850244104305411,"Yes"
0.196787421504007,"Yes"
0.0972937003889476,"Yes"
0.892292283665517,"Yes"
0.9524596785686,"Yes"
0.498326929447494,"Yes"
0.41447213998385,"Yes"
0.277740755443095,"Yes"
0.595552937437845,"Yes"
0.957066052739139,"Yes"
0.355943212743391,"Yes"
0.567718604848125,"Yes"
0.663665653243596,"Yes"
0.289544172875435,"Yes"
0.381686818869118,"Yes"
0.476379711644516,"Yes"
0.902187965069859,"Yes"
0.674439010151003,"Yes"
0.767493372729783,"Yes"
0.98474651085372,"Yes"
0.568890476581569,"Yes"
0.984523552087101,"Yes"
0.837871513145415,"Yes"
0.98444518449641,"Yes"
0.91004350753454,"Yes"
0.361037836344529,"Yes"
0.929936723967402,"Yes"
0.966488585730687,"Yes"
0.857342824441463,"Yes"
0.449371918383426,"Yes"
0.534221749918627,"Yes"
0.460456370069924,"Yes"
0.616322979291585,"Yes"
0.683226860328494,"Yes"
0.946476263132686,"Yes"
0.885217978227401,"Yes"
0.314690199569778,"Yes"
0.44311949992617,"Yes"
0.0492862545826944,"Yes"
0.72617615873906,"Yes"
0.838487267463625,"Yes"
0.762488199755575,"Yes"
0.973310412701483,"Yes"
0.724837402976547,"Yes"
0.982426242789934,"Yes"
0.851463489089115,"Yes"
0.979804797514032,"Yes"
0.734158899732132,"Yes"
0.723651871425019,"Yes"
0.832397469755594,"Yes"
0.865769973054954,"Yes"
0.811980698982517,"Yes"
0.812671474459184,"Yes"
0.831339681060362,"Yes"
0.881020598451936,"Yes"
0.388320928925852,"Yes"
0.549533485249366,"Yes"
0.830691299607445,"Yes"
0.628030523169799,"Yes"
0.374071850871336,"Yes"
0.895411220334787,"Yes"
0.988373814074878,"Yes"
0.889626380178678,"Yes"
0.269598393706444,"Yes"
0.749223996557238,"Yes"
0.405625252343643,"Yes"
0.322738624233686,"Yes"
0.959458295270103,"Yes"
0.355236843184442,"Yes"
0.731514262780041,"Yes"
0.761086388160662,"Yes"
0.80246065129319,"Yes"
0.920072772012371,"Yes"
0.902723835167426,"Yes"
0.975277456723112,"Yes"
0.317279131841358,"Yes"
0.618275727227889,"Yes"
0.948258020442018,"Yes"
0.589922150310813,"Yes"
0.695677370955085,"Yes"
0.997184655759655,"Yes"
0.998991768247736,"Yes"
0.990165534797292,"Yes"
0.631776171599666,"Yes"
0.820745682883277,"Yes"
0.969620548479212,"Yes"
0.38981526755571,"Yes"
0.972681519035142,"Yes"
0.44215995072655,"Yes"
0.260975431801249,"Yes"
0.924144590932875,"Yes"
0.999994339267532,"Yes"
0.808090050630594,"Yes"
0.810810747470038,"Yes"
0.639966001886418,"Yes"
0.663341196819312,"Yes"
0.410663208805427,"Yes"
0.535311474908853,"Yes"
0.805211574740936,"Yes"
0.884381279115166,"Yes"
0.633927655107462,"Yes"
0.688529862793138,"Yes"
0.405432741653714,"Yes"
0.973910071993117,"Yes"
0.965160220783701,"Yes"
0.329569245750808,"Yes"
0.899441736639157,"Yes"
0.388959247421772,"Yes"
0.671537077077944,"Yes"
0.474606623529417,"Yes"
0.721809814436729,"Yes"
0.413382871215261,"Yes"
0.331320060500349,"Yes"
0.516288694808289,"Yes"
0.30078881833617,"Yes"
0.000331515999597013,"Yes"
0.967620719420974,"Yes"
0.398433968036572,"Yes"
0.696321199853482,"Yes"
0.885863762734793,"Yes"
0.873058462690767,"Yes"
0.340746869512482,"Yes"
0.782565882698885,"Yes"
0.356298184812337,"Yes"
0.972687263735876,"Yes"
0.53939984000549,"Yes"
0.989375117848751,"Yes"
0.152434670531781,"Yes"
0.888050149607102,"Yes"
0.331096214572344,"Yes"
0.97966413400598,"Yes"
0.952829977192296,"Yes"
0.996384310435496,"Yes"
0.371683484299921,"Yes"
0.598233670390946,"Yes"
0.967356765240508,"Yes"
0.283901096764711,"Yes"
0.383557778921977,"Yes"
0.213015674939728,"Yes"
0.518160312456207,"Yes"
0.647441168375394,"Yes"
0.373459412985054,"Yes"
0.741943897940574,"Yes"
0.999248710099725,"Yes"
0.667898980394009,"Yes"
0.990298086297624,"Yes"
0.802782802933157,"Yes"
0.748280938210927,"Yes"
0.89142332381323,"Yes"
0.616053978984593,"Yes"
0.42952243172251,"Yes"
0.111460785166771,"Yes"
0.975536436040789,"Yes"
0.855759137443225,"Yes"
0.601583262351184,"Yes"
0.566002157509916,"Yes"
0.581708671435476,"Yes"
0.810313879409827,"Yes"
0.873525738962028,"Yes"
0.133222168655406,"Yes"
0.979502684488876,"Yes"
0.692242102423384,"Yes"
0.299063186381933,"Yes"
0.46003485279823,"Yes"
0.976385663900052,"Yes"
0.571792473322566,"Yes"
0.578208378823613,"Yes"
0.77640897882637,"Yes"
0.346755781908096,"Yes"
0.423328128376094,"Yes"
0.491195429131515,"Yes"
0.717199947076473,"Yes"
0.62320423367212,"Yes"
0.378924161117484,"Yes"
0.742850436279144,"Yes"
0.449534782424574,"Yes"
0.226380876186046,"Yes"
0.594468383856595,"Yes"
0.951614011689261,"Yes"
0.7070000786075,"Yes"
0.889988739804969,"Yes"
0.447765287637227,"Yes"
0.990862946571971,"Yes"
0.622236230291808,"Yes"
0.918079453317179,"Yes"
0.610392386514541,"Yes"
0.835908027007262,"Yes"
0.784324772891352,"Yes"
0.976452500226857,"Yes"
0.999022919124437,"Yes"
0.756479564609054,"Yes"
0.284734343548782,"Yes"
0.836239371588755,"Yes"
0.823539873310858,"Yes"
0.618614271995813,"Yes"
0.38533149862239,"Yes"
0.79966490805704,"Yes"
0.487211104312515,"Yes"
0.955378576599373,"Yes"
0.408042324867992,"Yes"
0.863541014016564,"Yes"
0.80300372574361,"Yes"
0.531400772806353,"Yes"
0.181802752732249,"Yes"
0.298722575616102,"Yes"
0.287328022177116,"Yes"
0.774350926495012,"Yes"
0.995963288000652,"Yes"
0.452114288527365,"Yes"
0.654199485839786,"Yes"
0.990626244904487,"Yes"
0.666253638504501,"Yes"
0.707335079459808,"Yes"
0.521198008720533,"Yes"
0.99400988845403,"Yes"
0.993822920498658,"Yes"
0.900691107785436,"Yes"
0.837693305046471,"Yes"
0.307105434185709,"Yes"
0.322738624233686,"Yes"
0.896796975181969,"Yes"
0.397862979683776,"Yes"
0.472830036804473,"Yes"
0.763008038654357,"Yes"
0.982217975081049,"Yes"
0.831997634650509,"Yes"
0.992770667352375,"Yes"
0.872420056405952,"Yes"
0.408120569132343,"Yes"
0.916928044714089,"Yes"
0.781469500865914,"Yes"
0.947257383154465,"Yes"
0.968166062447145,"Yes"
0.975248124731698,"Yes"
0.676983115398005,"Yes"
0.950512146717375,"Yes"
0.98874030611882,"Yes"
0.995748727472705,"Yes"
0.844758514759767,"Yes"
0.949402913180325,"Yes"
0.996963095904502,"Yes"
0.727947447818618,"Yes"
0.964000125680138,"Yes"
0.952164462855114,"Yes"
0.563966203162515,"Yes"
0.691180455820904,"Yes"
0.512507525739102,"Yes"
0.875362330848695,"Yes"
0.378794946624586,"Yes"
0.288205144701105,"Yes"
0.945322863568955,"Yes"
0.9751416017753,"Yes"
0.957184751194102,"Yes"
0.932727401946524,"Yes"
0.784179547286954,"Yes"
0.999447684108941,"Yes"
0.792716350047629,"Yes"
0.80263177576951,"Yes"
0.985365000991231,"Yes"
0.532117791152448,"Yes"
0.744564199774248,"Yes"
0.932963843016364,"Yes"
0.99898390219435,"Yes"
0.997882410535248,"Yes"
0.406930474452116,"Yes"
0.974396055085379,"Yes"
0.735637128838184,"Yes"
0.952526573957233,"Yes"
0.953929980890785,"Yes"
0.750268795172285,"Yes"
0.786115323736375,"Yes"
0.970559141712549,"Yes"
0.991430760542325,"Yes"
0.287328022177116,"Yes"
0.284189782202343,"Yes"
0.394385196850469,"Yes"
0.95118701625235,"Yes"
0.574543966837853,"Yes"
0.543458292264983,"Yes"
0.81792844012097,"Yes"
0.989010849494859,"Yes"
0.839273630388913,"Yes"
0.293371683417496,"Yes"
0.557418890091464,"Yes"
0.667704369460817,"Yes"
0.291743746032155,"Yes"
0.88192216392923,"Yes"
0.997629811896949,"Yes"
0.707841943574307,"Yes"
0.984033431238594,"Yes"
0.613123700217028,"Yes"
0.30420471303119,"Yes"
0.265038479500558,"Yes"
0.500207189156817,"Yes"
0.688335325824457,"Yes"
0.588901913037061,"Yes"
0.894956354684442,"Yes"
0.99630304322311,"Yes"
0.930578268009457,"Yes"
0.339658715370653,"Yes"
0.973958876801741,"Yes"
0.983447071044208,"Yes"
0.315319434336956,"Yes"
0.540135641202653,"Yes"
0.955626445517351,"Yes"
0.727332516048914,"Yes"
0.947481566957709,"Yes"
0.387802214670667,"Yes"
0.928544627941735,"Yes"
0.999601476307324,"Yes"
0.921641316008715,"Yes"
0.900948413282022,"Yes"
0.984319381901132,"Yes"
0.455015515496924,"Yes"
0.831063266437187,"Yes"
0.985019142338602,"Yes"
0.887871165500155,"Yes"
0.415981272935215,"Yes"
0.345798052088466,"Yes"
0.89888677933564,"Yes"
0.672854792032527,"Yes"
0.981546624534326,"Yes"
0.746715377947082,"Yes"
0.713808452722667,"Yes"
0.857445095510888,"Yes"
0.828399517192398,"Yes"
0.269598393706444,"Yes"
0.350952776808722,"Yes"
0.935945911579556,"Yes"
0.489292897489039,"Yes"
0.923001057694486,"Yes"
0.822769209702898,"Yes"
0.999910176259312,"Yes"
0.998951128378149,"Yes"
0.271201604592976,"Yes"
0.340440735475084,"Yes"
0.961193429150728,"Yes"
0.991860827621382,"Yes"
0.556260392558442,"Yes"
0.355910349794496,"Yes"
0.611391605162916,"Yes"
0.933333109977988,"Yes"
0.888731691788365,"Yes"
0.964045800134277,"Yes"
0.616620756508599,"Yes"
0.286949564711655,"Yes"
0.664052583480783,"Yes"
0.822053615054115,"Yes"
0.995935032312336,"Yes"
0.96117054072652,"Yes"
0.341180086727639,"Yes"
0.609248305307612,"Yes"
0.999843009918736,"Yes"
0.685022346868591,"Yes"
0.542636384932485,"Yes"
0.323410062291613,"Yes"
0.57017092326215,"Yes"
0.842719342203972,"Yes"
0.267588264843024,"Yes"
0.470679809673626,"Yes"
0.464189342951639,"Yes"
0.754710970603468,"Yes"
0.297382373606638,"Yes"
0.410563401732161,"Yes"
0.55166773875111,"Yes"
0.566668214896266,"Yes"
0.875386695708539,"Yes"
0.592692674011875,"Yes"
0.983945092733875,"Yes"
0.379368247454531,"Yes"
0.932945453219644,"Yes"
0.280975624852284,"Yes"
0.388598904240691,"Yes"
0.526828326304788,"Yes"
0.944535943014921,"Yes"
0.682484022244594,"Yes"
0.968927550462527,"Yes"
0.353099009551968,"Yes"
0.604183890193498,"Yes"
0.999589081677087,"Yes"
0.350199043399408,"Yes"
0.329542859199569,"Yes"
0.997742060476416,"Yes"
0.806024891880524,"Yes"
0.25350780803131,"Yes"
0.906666481448125,"Yes"
0.947481970160178,"Yes"
0.545269044820476,"Yes"
0.878668984358129,"Yes"
0.334674864797149,"Yes"
0.314148433151121,"Yes"
0.997151388882397,"Yes"
0.907614190695249,"Yes"
0.760934287615358,"Yes"
0.935312087243168,"Yes"
0.970944149537665,"Yes"
0.764052893761398,"Yes"
0.968909074317571,"Yes"
0.294503479875888,"Yes"
0.45171480211569,"Yes"
0.735735489684699,"Yes"
0.0284488181284758,"Yes"
0.948728383936124,"Yes"
0.793978379991509,"Yes"
0.689718412916602,"Yes"
0.999051361985842,"Yes"
0.325500659725806,"Yes"
0.504249073068664,"Yes"
0.876575775455014,"Yes"
0.665513762866562,"Yes"
0.278376517690074,"Yes"
0.877204477164516,"Yes"
0.476379711644516,"Yes"
0.460558082470443,"Yes"
0.993195848001691,"Yes"
0.159163644308476,"Yes"
0.992255544994348,"Yes"
0.992462672962821,"Yes"
0.768592761620111,"Yes"
0.364935668873234,"Yes"
0.350172086516571,"Yes"
0.941344221451026,"Yes"
0.408042324867992,"Yes"
0.997733928094615,"Yes"
0.699124095401181,"Yes"
0.797609824747737,"Yes"
0.663802091313092,"Yes"
0.981492890950542,"Yes"
0.662930568896443,"Yes"
0.760309315413609,"Yes"
0.998206902512523,"Yes"
0.580454663414596,"Yes"
0.997244510235661,"Yes"
0.263489795243222,"Yes"
0.31004515119881,"Yes"
0.748373387097665,"Yes"
0.998432857599918,"Yes"
0.781837498700807,"Yes"
0.558661954698474,"Yes"
0.807646890834938,"Yes"
0.712748229100589,"Yes"
0.530233763189435,"Yes"
0.282830822667653,"Yes"
0.384804184707479,"Yes"
0.0880156091337048,"Yes"
0.518350087037051,"Yes"
0.803624367037583,"Yes"
0.422649553470495,"Yes"
0.497235038045315,"Yes"
0.747356449361095,"Yes"
0.89878368899067,"Yes"
0.160680548887581,"Yes"
0.961237285960829,"Yes"
0.624841504969218,"Yes"
0.415918101358097,"Yes"
0.99025372237884,"Yes"
0.264178306118068,"Yes"
0.617307091246589,"Yes"
0.987164171207127,"Yes"
0.645999999406175,"Yes"
0.825330919773169,"Yes"
0.888091217882962,"Yes"
0.926005524262631,"Yes"
0.357363624418681,"Yes"
0.719165411244256,"Yes"
0.796835111152388,"Yes"
0.825272777407998,"Yes"
0.658328453959226,"Yes"
0.634469658129581,"Yes"
0.891898117869412,"Yes"
0.719893297728469,"Yes"
0.756548111976013,"Yes"
0.812398019499401,"Yes"
0.96446612382278,"Yes"
0.511393459563343,"Yes"
0.392042985410334,"Yes"
0.961956919920569,"Yes"
0.520522878272513,"Yes"
0.989940658312364,"Yes"
0.984706299969581,"Yes"
0.173361674881881,"Yes"
0.919406757320313,"Yes"
0.148638036091807,"Yes"
0.90132471987202,"Yes"
0.824613181569504,"Yes"
0.491753465367722,"Yes"
0.922656213480739,"Yes"
0.491343650573289,"Yes"
0.994092731102345,"Yes"
0.952669643478319,"Yes"
0.470878591295988,"Yes"
0.273983742607184,"Yes"
0.41853295413718,"Yes"
0.952455955238899,"Yes"
0.548002839143614,"Yes"
0.548030063330706,"Yes"
0.948472312836401,"Yes"
0.674746560550773,"Yes"
0.424867759160463,"Yes"
0.353396879501693,"Yes"
0.772663834206597,"Yes"
0.540804217809045,"Yes"
0.996651688714948,"Yes"
0.61458154175542,"Yes"
0.824660078151215,"Yes"
0.584727924726296,"Yes"
0.879995693070202,"Yes"
0.883612367691197,"Yes"
0.797936264051625,"Yes"
0.770946350235908,"Yes"
0.875010017729399,"Yes"
0.576616478072403,"Yes"
0.358419398870801,"Yes"
0.97449895677002,"Yes"
0.514738234712466,"Yes"
0.539889305258958,"Yes"
0.840498929334455,"Yes"
0.333317810254266,"Yes"
0.504843070557007,"Yes"
0.745830528579514,"Yes"
0.513025106732583,"Yes"
0.97218076892782,"Yes"
0.91674702087086,"Yes"
0.445295693653747,"Yes"
0.410975680878009,"Yes"
0.964368508005387,"Yes"
0.281731243176997,"Yes"
0.819438130968421,"Yes"
0.331077419313178,"Yes"
0.876125953494293,"Yes"
0.76322697335735,"Yes"
0.987264845740406,"Yes"
0.29458806521154,"Yes"
0.68362770346204,"Yes"
0.308041041836769,"Yes"
0.309775625369102,"Yes"
0.987558498999852,"Yes"
0.363915206753799,"Yes"
0.273602067113513,"Yes"
0.834223010074716,"Yes"
0.987304912139268,"Yes"
0.320315916940363,"Yes"
0.967476365189339,"Yes"
0.634599214593726,"Yes"
0.786009825259745,"Yes"
0.281413197884695,"Yes"
0.710037384181437,"Yes"
0.791775585124789,"Yes"
0.665895747956839,"Yes"
0.867258056137516,"Yes"
0.495258509932932,"Yes"
0.265136183239924,"Yes"
0.271606822210081,"Yes"
0.998951844600999,"Yes"
0.984386994395905,"Yes"
0.912982360458797,"Yes"
0.877570986866118,"Yes"
0.956678107529873,"Yes"
0.704964526834929,"Yes"
0.532134672581841,"Yes"
0.695503388582108,"Yes"
0.23902398509298,"Yes"
0.538051060873452,"Yes"
0.521724214539332,"Yes"
0.718534403736742,"Yes"
0.746600573656967,"Yes"
0.95409543579276,"Yes"
0.959916255693737,"Yes"
0.313168701887153,"Yes"
0.998599787372877,"Yes"
0.42964462134455,"Yes"
0.780176141568985,"Yes"
0.256235853532259,"Yes"
0.912368467987248,"Yes"
0.658341611228473,"Yes"
0.987215369022085,"Yes"
0.369661186317369,"Yes"
0.984463505658789,"Yes"
0.337696922170283,"Yes"
0.907449001522147,"Yes"
0.31712740430269,"Yes"
0.625726910779738,"Yes"
0.80272276799657,"Yes"
0.828922790180539,"Yes"
0.434107925176674,"Yes"
0.359410858604578,"Yes"
0.795024537425655,"Yes"
0.349014433031208,"Yes"
0.523891920543396,"Yes"
0.999112605267024,"Yes"
0.589081856533928,"Yes"
0.783577628468915,"Yes"
0.99422431398522,"Yes"
0.414712247895798,"Yes"
0.962938288992775,"Yes"
0.354317949729975,"Yes"
0.631428529441362,"Yes"
0.985261474969684,"Yes"
0.363869186656646,"Yes"
0.989064224168507,"Yes"
0.818840357478062,"Yes"
0.941570007153883,"Yes"
0.958185913076353,"Yes"
0.32024513181478,"Yes"
0.880553486098972,"Yes"
0.612803879175284,"Yes"
0.345331618361362,"Yes"
0.312026025876571,"Yes"
0.449440759218321,"Yes"
0.964024094735951,"Yes"
0.232487505012636,"Yes"
0.557837268753581,"Yes"
0.914251212918784,"Yes"
0.297475278277499,"Yes"
0.620547305324903,"Yes"
0.999999962294039,"Yes"
0.282005473556973,"Yes"
0.926588942409977,"Yes"
0.9352411109103,"Yes"
0.827014687502922,"Yes"
0.6585010411854,"Yes"
0.98993329910812,"Yes"
0.339820737186087,"Yes"
0.988234368822383,"Yes"
0.394385196850469,"Yes"
0.254983827193103,"Yes"
0.747179094360479,"Yes"
0.275458080563534,"Yes"
0.612452260601106,"Yes"
0.750882350104396,"Yes"
0.689327045235808,"Yes"
0.299390913146448,"Yes"
0.622181737303299,"Yes"
0.527145340046463,"Yes"
0.807018479310766,"Yes"
0.341815223312101,"Yes"
0.678554842066799,"Yes"
0.969896276122902,"Yes"
0.970031228950216,"Yes"
0.526777206994326,"Yes"
0.816152459479619,"Yes"
0.977844624621496,"Yes"
0.354295681223924,"Yes"
0.203546797877992,"Yes"
0.995878019389493,"Yes"
0.914349052999007,"Yes"
0.423471406141517,"Yes"
0.961249821882233,"Yes"
0.750804271049963,"Yes"
0.731674378993265,"Yes"
0.999901601177765,"Yes"
0.367337819051911,"Yes"
0.889345514097249,"Yes"
0.27290432602309,"Yes"
0.984132013092279,"Yes"
0.266004442517082,"Yes"
0.37260275222924,"Yes"
0.34628079432064,"Yes"
0.797265152935791,"Yes"
0.318686649384572,"Yes"
0.949539925141676,"Yes"
0.729683348231921,"Yes"
0.925225087469279,"Yes"
0.327349049292777,"Yes"
0.985416711655613,"Yes"
0.732372502078443,"Yes"
0.561875139145814,"Yes"
0.944620388157821,"Yes"
0.774441073584704,"Yes"
0.990138897481473,"Yes"
0.570716390381641,"Yes"
0.998149075456515,"Yes"
0.837476707222237,"Yes"
0.970626682303148,"Yes"
0.980876768200772,"Yes"
0.474639516422998,"Yes"
0.307587803551502,"Yes"
0.856449813860266,"Yes"
0.694872801192499,"Yes"
0.303755276993437,"Yes"
0.588014933159939,"Yes"
0.941036342761559,"Yes"
0.948545686373026,"Yes"
0.315127218817408,"Yes"
0.302536550148428,"Yes"
0.958676061708621,"Yes"
0.727349299152852,"Yes"
0.944163194698145,"Yes"
0.838715741616911,"Yes"
0.97990201760552,"Yes"
0.59912556993548,"Yes"
0.452857251063577,"Yes"
0.972740749599368,"Yes"
0.774144598535976,"Yes"
0.451965396224005,"Yes"
0.944061761816844,"Yes"
0.999546642221042,"Yes"
0.87205266213383,"Yes"
0.99788914999776,"Yes"
0.285826836656446,"Yes"
0.746432988912139,"Yes"
0.993102087369955,"Yes"
0.775525974446244,"Yes"
0.987050365124556,"Yes"
0.882766834084894,"Yes"
0.344416618301719,"Yes"
0.944440734265678,"Yes"
0.980672242803532,"Yes"
0.506084998806421,"Yes"
0.970322155975534,"Yes"
0.490639197561664,"Yes"
0.87747150906951,"Yes"
0.702307377202808,"Yes"
0.539013711112117,"Yes"
0.677667110871153,"Yes"
0.465823140889276,"Yes"
0.860677347935856,"Yes"
0.555471505788155,"Yes"
0.438105358901842,"Yes"
0.175418308928881,"Yes"
0.999248731315743,"Yes"
0.833825595365653,"Yes"
0.317934440380642,"Yes"
0.983220326597767,"Yes"
0.998322758899229,"Yes"
0.993649574055683,"Yes"
0.557139187950871,"Yes"
0.868683538935923,"Yes"
0.365987897697252,"Yes"
0.934633479078953,"Yes"
0.999716202454751,"Yes"
0.58078205240802,"Yes"
0.257088564395901,"Yes"
0.442321427833563,"Yes"
0.984515824733134,"Yes"
0.994610748792182,"Yes"
0.952329907408201,"Yes"
0.75046479297563,"Yes"
0.423981336751629,"Yes"
0.835001434469438,"Yes"
0.861767581165183,"Yes"
0.996651688714948,"Yes"
